time,latency,incident,cusum_score,cusum_prediction,cusum_incident_id,ewma_score,ewma_prediction,ewma_incident_id
0,102.9936677899204,0,0.0,0,0,0.06911711876981079,0,0
1,108.00230133454744,0,0.32162119227286234,0,0,0.2196179334704211,0,0
2,102.83816750938932,0,0.15205961783436273,0,0,0.24178203188863698,0,0
3,87.37448739445601,0,0.0,0,0,-0.06720668131980378,0,0
4,108.90821748314376,0,0.40535920516150314,0,0,0.1273064959764576,0,0
5,104.03438656936176,0,0.35173552802544017,0,0,0.1911204613539535,0,0
6,94.31433689906066,0,0.0,0,0,0.045505391685444777,0,0
7,105.44213648638537,0,0.08112032088340904,0,0,0.15262837752503763,0,0
8,103.18893285033656,0,0.0,0,0,0.1950174747532178,0,0
9,102.46641975405136,0,0.0,0,0,0.21484072388790695,0,0
10,99.78622795618986,0,0.0,0,0,0.17755708826626612,0,0
11,105.08088388971824,0,0.04671508426430837,0,0,0.2513886874658746,0,0
12,92.45598882125016,0,0.0,0,0,0.05381966419966405,0,0
13,97.89980269051944,0,0.0,0,0,0.010473670259265731,0,0
14,94.83162689068465,0,0.0,0,0,-0.08804521871124234,0,0
15,105.6287656104392,0,0.09884849065758605,0,0,0.049333523162523346,0,0
16,99.89876809666768,0,0.0,0,0,0.04741130873821239,0,0
17,96.64283469348796,0,0.0,0,0,-0.020562464345790142,0,0
18,92.0377298166529,0,0.0,0,0,-0.17283216377341182,0,0
19,96.983392121824,0,0.0,0,0,-0.1897043158841391,0,0
20,99.5845681188349,0,0.0,0,0,-0.1501349697438962,0,0
21,96.80544667845813,0,0.0,0,0,-0.17522870633610976,0,0
22,113.21397664222069,0,0.7940684977425756,0,0,0.11863073447962733,0,0
23,110.01504456111796,0,1.3007965022524148,0,0,0.2962501884856697,0,0
24,75.92552430304201,0,0.0,0,0,-0.30523417980086665,0,0
25,82.41466614939417,0,0.0,0,0,-0.621991258934269,0,0
26,97.78402980600303,0,0.0,0,0,-0.5325475052684571,0,0
27,95.40022711484616,0,0.0,0,0,-0.5104763374441632,0,0
28,101.6470173138869,0,0.0,0,0,-0.3656522813970693,0,0
29,101.68432643610896,0,0.0,0,0,-0.24905724730892156,0,0
30,122.90998831093552,0,1.6178462885008962,0,0,0.22432345985304203,0,0
31,89.0563623106955,0,0.005821884555439638,0,0,-0.042946112906657674,0,0
32,95.82546014413792,0,0.0,0,0,-0.10987811181344029,0,0
33,422.5260365952914,1,13.996657376628743,1,1,2.8114289858749966,1,1
34,106.1342194467153,0,14.143362816428967,1,1,2.3784842766600423,1,1
35,106.30756867080122,0,14.306428689007411,1,1,2.035400595843723,1,1
36,94.53046784415112,0,13.292420745083458,1,1,1.5255188878901875,1,1
37,84.419406112125,0,11.144340078327767,1,1,0.8907989769610121,1,1
38,101.17987303881306,0,10.81180560807518,1,1,0.746132287518292,0,0
39,100.59165706414753,0,10.420820279193183,1,1,0.6187087642382344,0,0
40,88.03768858918563,0,8.693464184670978,1,1,0.24949579248614637,0,0
41,92.94819008219687,0,7.510235365183728,1,1,0.06295087009146724,0,0
42,98.79120342215718,0,6.938191642327323,1,1,0.03595195150189265,0,0
43,90.55476224279668,0,5.4934369567329515,1,1,-0.16018937591736002,0,0
44,98.53309278197862,0,4.895166855013564,1,1,-0.14780552107776568,0,0
45,100.45597592080156,0,4.490650418964567,1,1,-0.09914770407201194,0,0
46,99.85756249738616,0,4.0262369852700335,1,1,-0.07220084999651627,0,0
47,94.6032420509068,0,3.019943781410671,0,0,-0.15901932076908556,0,0
48,105.57506213769427,0,3.113694113580847,0,0,-0.00846539018123317,0,0
49,108.75418184507689,0,3.5048643572606126,0,0,0.17146173659096658,0,0
50,102.73985056295416,0,3.3257139780299565,0,0,0.20133931342664202,0,0
51,91.70486715245666,0,2.0074811258461587,0,0,-0.002575119695445993,0,0
52,107.03740149093116,0,2.2391361471384434,0,0,0.1442709085021002,0,0
53,94.6490370894924,0,1.2376945999121014,0,0,0.015128417356411752,0,0
54,108.62401056396862,0,1.6168584660578702,0,0,0.1879355071142832,0,0
55,89.4144930814897,0,0.04506754712701544,0,0,-0.0640097780947444,0,0
56,109.00724567924549,0,0.45953812026768637,0,0,0.13168629215233868,0,0
57,99.30477574226552,0,0.0,0,0,0.10133637014128953,0,0
58,87.8499845736243,0,0.0,0,0,-0.16868150481517946,0,0
59,96.43634235934653,0,0.0,0,0,-0.1977252742264074,0,0
60,100.04216985447552,0,0.0,0,0,-0.14735968496442012,0,0
61,102.24852031590784,0,0.0,0,0,-0.06332925015169201,0,0
62,90.217230465152,0,0.0,0,0,-0.24710166352091065,0,0
63,89.09765982643464,0,0.0,0,0,-0.419156665284359,0,0
64,101.50457244415531,0,0.0,0,0,-0.2954082463274582,0,0
65,94.97712930353477,0,0.0,0,0,-0.3296768021853399,0,0
66,101.8689335807944,0,0.0,0,0,-0.2166401152155863,0,0
67,107.33535741189796,0,0.2595223564006016,0,0,-0.02140762089234871,0,0
68,84.41340896298618,0,0.0,0,0,-0.34688466965688863,0,0
69,102.06099016344388,0,0.0,0,0,-0.22662989516936827,0,0
70,112.4327430003308,0,0.7246514107109379,0,0,0.06362636600669297,0,0
71,96.59397006920936,0,0.0,0,0,-0.008604440720395679,0,0
72,91.77272821674345,0,0.0,0,0,-0.16904698905118362,0,0
73,107.25748592218794,0,0.25224663592928154,0,0,0.015211735944909432,0,0
74,102.0514044435304,0,0.005694235142763793,0,0,0.062858908598624,0,0
75,108.8053560859646,0,0.4015806116346281,0,0,0.2294644021772721,0,0
76,96.13556099773474,0,0.0,0,0,0.11452818208101483,0,0
77,85.83112084453401,0,0.0,0,0,-0.20474209321615428,0,0
78,98.41776228593,0,0.0,0,0,-0.18579586241279536,0,0
79,95.17554824173796,0,0.0,0,0,-0.23780258780303254,0,0
80,107.50470507119024,0,0.27532671064968617,0,0,-0.035176728112488787,0,0
81,101.44432822850946,0,0.0,0,0,0.010585362397711944,0,0
82,84.56458956585477,0,0.0,0,0,-0.31770264382916086,0,0
83,88.32082254169329,0,0.0,0,0,-0.4931955168659425,0,0
84,108.67417286557055,0,0.38379230045848667,0,0,-0.21779795340105665,0,0
85,106.4848259242914,0,0.5635598758630538,0,0,-0.038284847639931924,0,0
86,93.34757420299346,0,0.0,0,0,-0.15867695309216642,0,0
87,99.49330959903952,0,0.0,0,0,-0.1271512812872498,0,0
88,104.0260742749878,0,0.0,0,0,-0.012605964728853003,0,0
89,104.26325335708655,0,0.0,0,0,0.08359646073012036,0,0
90,108.59239292056236,0,0.3762454338749438,0,0,0.24212625535908505,0,0
91,102.08234656894378,0,0.1327321546165936,0,0,0.244998348435598,0,0
92,98.566925700564,0,0.0,0,0,0.17703298656282246,0,0
93,96.96737463105585,0,0.0,0,0,0.08985663840528625,0,0
94,110.554298014562,0,0.5557466593319857,0,0,0.28303464259062616,0,0
95,79.4930247608868,0,0.0,0,0,-0.22374465722355125,0,0
96,98.13695130017622,0,0.0,0,0,-0.2067268455156826,0,0
97,99.83180553917872,0,0.0,0,0,-0.1587813915552441,0,0
98,86.31596234695553,0,0.0,0,0,-0.412095850480128,0,0
99,102.86254949891868,0,0.0,0,0,-0.26311368623639664,0,0
100,93.24485320787062,0,0.0,0,0,-0.3407475609139538,0,0
101,108.44303901447596,0,0.3624479863399489,0,0,-0.10010845146317326,0,0
102,98.26491454788528,0,0.0,0,0,-0.10520522365670909,0,0
103,106.37216722124452,0,0.16915576206142968,0,0,0.04966697348691866,0,0
104,112.36767528516316,0,0.8880037903293172,0,0,0.28350318444311245,0,0
105,103.37806079085804,0,0.7709349040350515,0,0,0.3033887702956368,0,0
106,91.1804635393374,0,0.0,0,0,0.06756622281170288,0,0
107,85.55331082948192,0,0.0,0,0,-0.24881175471710684,0,0
108,118.52186339672312,0,1.2533903900221082,0,0,0.15162867423073614,0,0
109,98.40518291679534,0,0.6420980179129809,0,0,0.09904446496276346,0,0
110,92.89870823568766,0,0.0,0,0,-0.05847785279188422,0,0
111,100.94591305936883,0,0.0,0,0,-0.01793072357522912,0,0
112,97.62186381941602,0,0.0,0,0,-0.05262693618044624,0,0
113,108.33165027847868,0,0.3521454185920775,0,0,0.1283275347740585,0,0
114,99.84104810345256,0,0.0,0,0,0.10944772900935183,0,0
115,99.64028593017404,0,0.0,0,0,0.09030815067102371,0,0
116,92.65794780802108,0,0.0,0,0,-0.07066987690624298,0,0
117,104.275357659047,0,0.0,0,0,0.03737808437353185,0,0
118,89.75335644026322,0,0.0,0,0,-0.17687155114316755,0,0
119,106.33754142664084,0,0.16589194974380883,0,0,-0.008318850965772284,0,0
120,115.83998942648137,0,1.1898349413978266,0,0,0.29813351755818573,0,0
121,85.46488051726354,0,0.0,0,0,-0.06643140737267628,0,0
122,77.80341597553081,0,0.0,0,0,-0.5463926374800716,0,0
123,105.81893849187404,0,0.11688109556646409,0,0,-0.3137378908707645,0,0
124,128.29743187817002,0,2.164787932422448,0,0,0.25859105467458515,0,0
125,90.04877072692065,0,0.663859826668227,0,0,0.006687222588823871,0,0
126,87.83292552168328,0,0.0,0,0,-0.24479019789782433,0,0
127,105.52474381422934,0,0.08897117762991869,0,0,-0.07803792279227574,0,0
128,91.49935390253904,0,0.0,0,0,-0.23057519676735258,0,0
129,94.60575391879196,0,0.0,0,0,-0.2856655631260552,0,0
130,96.10773818973117,0,0.0,0,0,-0.2981561434960509,0,0
131,104.92679791114278,0,0.03200413304672145,0,0,-0.13212408818749644,0,0
132,95.5610743273737,0,0.0,0,0,-0.1867599820568568,0,0
133,102.30046389959074,0,0.0,0,0,-0.0938311841193743,0,0
134,97.76685273765744,0,0.0,0,0,-0.11037168000288494,0,0
135,91.46331306668384,0,0.0,0,0,-0.25723210798741347,0,0
136,96.37934557574448,0,0.0,0,0,-0.26975111802057994,0,0
137,90.5037580773057,0,0.0,0,0,-0.4058814438649974,0,0
138,99.56840537586574,0,0.0,0,0,-0.32340211218425813,0,0
139,88.95119536398644,0,0.0,0,0,-0.48349567170778257,0,0
140,89.22643365869352,0,0.0,0,0,-0.6053761262411683,0,0
141,115.0686516856139,0,0.9569670622458926,0,0,-0.1929074885437561,0,0
142,98.97722993728595,0,0.4037828640615372,0,0,-0.16496283047187596,0,0
143,98.97014322032304,0,0.0,0,0,-0.1427506655444064,0,0
144,104.7128106872676,0,0.011538395865209883,0,0,-0.011892853262483155,0,0
145,95.41291708040362,0,0.0,0,0,-0.09368593311122006,0,0
146,97.26102174817228,0,0.0,0,0,-0.12065593689676993,0,0
147,103.81434698751777,0,0.0,0,0,-0.011494667038525766,0,0
148,102.346731873508,0,0.0,0,0,0.04728767146480488,0,0
149,88.63737537816836,0,0.0,0,0,-0.19402996917845586,0,0
150,108.12868715485364,0,0.3333456860057544,0,0,0.011445161858386205,0,0
151,93.8125217053194,0,0.0,0,0,-0.10893122650407923,0,0
152,89.55471011433349,0,0.0,0,0,-0.298361460807118,0,0
153,90.95559506305196,0,0.0,0,0,-0.4187847645145227,0,0
154,95.70184690082368,0,0.0,0,0,-0.4131371094996208,0,0
155,117.04054460731776,0,1.1273060909024892,0,0,-0.005048469419198787,0,0
156,88.49390970995958,0,0.0,0,0,-0.23914672872022635,0,0
157,101.10532610209906,0,0.0,0,0,-0.1593020524771849,0,0
158,80.39437131485799,0,0.0,0,0,-0.5550079516677808,0,0
159,99.48816743806869,0,0.0,0,0,-0.4443197078218557,0,0
160,108.84534056306848,0,0.3995697359339937,0,0,-0.17554181907068583,0,0
161,97.18219696023128,0,0.0,0,0,-0.18776624220523896,0,0
162,93.44901751344376,0,0.0,0,0,-0.27608437280499276,0,0
163,101.82835081824176,0,0.0,0,0,-0.174565084009722,0,0
164,106.7015942399682,0,0.20015437967160987,0,0,0.0003788087265443607,0,0
165,106.31386993184375,0,0.36381445294701986,0,0,0.13303506163631748,0,0
166,121.14061044434226,0,1.8362953373915936,0,0,0.5009242261979687,0,0
167,101.6016481825827,0,1.5454637395360975,0,0,0.4425730613872758,0,0
168,93.79404015953295,0,0.453051796284598,0,0,0.23557606045952073,0,0
169,98.26112018637808,0,0.0,0,0,0.16326496442312116,0,0
170,98.7867210226986,0,0.0,0,0,0.11611225347395053,0,0
171,100.58888060871963,0,0.0,0,0,0.1146373959426061,0,0
172,99.2061199865701,0,0.0,0,0,0.0857043745557541,0,0
173,101.24550976177532,0,0.0,0,0,0.10335684902735912,0,0
174,84.2278376073691,0,0.0,0,0,-0.25148564784050514,0,0
175,108.08863931203872,0,0.32963203252764284,0,0,-0.03526211176687555,0,0
176,93.95951569409392,0,0.0,0,0,-0.14315789966987302,0,0
177,88.5148967362419,0,0.0,0,0,-0.3491588295810761,0,0
178,106.03948837588952,0,0.13775357226815566,0,0,-0.15177634921122973,0,0
179,113.47698735236968,0,0.9550843434813867,0,0,0.1420450748736624,0,0
180,104.51966564141946,0,0.9481144048933063,0,0,0.21224207218131388,0,0
181,101.11625342148608,0,0.609274482447903,0,0,0.20202567325597048,0,0
182,90.66802790314908,0,0.0,0,0,-0.024824126305134447,0,0
183,132.50729825907,0,2.3715774790216773,0,0,0.5544561947602279,0,0
184,108.635908500749,0,2.751839351339846,0,0,0.6196173302718161,0,0
185,88.81440405826648,0,1.1125409453811324,0,0,0.26783418302571016,0,0
186,92.05857780562086,0,0.0,0,0,0.05833926491834032,0,0
187,100.37079892613131,0,0.0,0,0,0.06406736306106825,0,0
188,85.20912242721784,0,0.0,0,0,-0.2596933705398064,0,0
189,101.19163855735572,0,0.0,0,0,-0.17402845711821305,0,0
190,95.04989985903951,0,0.0,0,0,-0.23103735327160707,0,0
191,112.45095403190884,0,0.7262750491088801,0,0,0.060425127204490364,0,0
192,109.52701623926248,0,1.1884332477386108,0,0,0.24077174148953842,0,0
193,75.92459306149578,0,0.0,0,0,-0.34964152917661506,0,0
194,99.91850558720924,0,0.0,0,0,-0.2713726360535521,0,0
195,84.67754563066093,0,0.0,0,0,-0.5405926867482367,0,0
196,111.1502515518698,0,0.6096420445144546,0,0,-0.21054574049569844,0,0
197,101.1863440094023,0,0.27774870138512486,0,0,-0.1348152610224247,0,0
198,105.09862574294851,0,0.32615625707959206,0,0,0.0018293023209536852,0,0
199,89.47393878726368,0,0.0,0,0,-0.21156219970425091,0,0
200,119.4124415670322,0,1.3284367701466198,0,0,0.19643759426592322,0,0
201,121.7171677480744,0,2.8485173324971638,0,0,0.5611661878828474,0,0
202,89.47709554362885,0,1.2837428120928687,0,0,0.23597804622541896,0,0
203,103.27381205162725,0,1.1565594299573256,0,0,0.26334576055322656,0,0
204,93.04025022647504,0,0.0,0,0,0.07601569809039987,0,0
205,99.27004735712568,0,0.0,0,0,0.05609859601633571,0,0
206,87.70211623290123,0,0.0,0,0,-0.20824935357909058,0,0
207,119.87449220713944,0,1.3671521806792737,0,0,0.20683095327258227,0,0
208,90.33437474329162,0,0.0,0,0,-0.028371769008360914,0,0
209,96.60787520408228,0,0.0,0,0,-0.08191434185932017,0,0
210,104.60785218403134,0,0.0014848722749429832,0,0,0.03476550096753246,0,0
211,93.27946357072057,0,0.0,0,0,-0.10170014177102674,0,0
212,97.1565197578937,0,0.0,0,0,-0.12922272373276433,0,0
213,94.0636036205495,0,0.0,0,0,-0.21610649706339075,0,0
214,457.3778401926185,1,14.791223477339027,1,2,2.885359497817093,1,2
215,88.53799821171347,0,13.120676998510941,1,2,2.074178302488057,1,2
216,95.25001017908473,0,12.18268761368107,1,2,1.5717447650244718,1,2
217,97.47122176258694,0,11.47579417928677,1,2,1.2160171251407177,1,2
218,96.2458064415868,0,10.642067226982117,1,2,0.9060683096516435,1,2
219,100.06799649002332,0,10.19875758414077,1,2,0.7361927191530453,0,0
220,96.63661241536306,0,9.405654556834138,1,2,0.5303335698611098,0,0
221,107.2678386496384,0,9.658868777370856,1,2,0.5749096999962313,0,0
222,96.34695513440658,0,8.835671939516585,1,2,0.395288392426131,0,0
223,98.15658793115476,0,8.199022076567278,1,2,0.28890074135104343,0,0
224,93.11936716816524,0,7.034238646682077,1,2,0.09816390710379455,0,0
225,94.4125922783523,0,6.00772219105341,1,2,-0.026772165442697823,0,0
226,87.71212662664625,0,4.243225231456144,1,2,-0.27431712427361155,0,0
227,104.78855042480608,0,4.2620121533601365,1,2,-0.11569631503809076,0,0
228,88.7858518665521,0,2.619490388939731,0,0,-0.32106140491455376,0,0
229,92.36931563058644,3,1.373631616357672,0,0,-0.4060208784480548,0,0
230,104.76609212226764,3,1.390269756147788,0,0,-0.22148907480042068,0,0
231,106.85893462623204,3,1.6051958889297184,0,0,-0.034206033283950416,0,0
232,100.1493336766758,3,1.1700314177598221,0,0,-0.014397720861139584,0,0
233,86.49993858514708,3,0.0,0,0,-0.2923199652639009,0,0
234,111.976300383914,3,0.6838702889075374,0,0,0.0029180855703867525,0,0
235,111.8087173020857,3,1.3527260394452454,0,0,0.236105618563851,0,0
236,96.00105394495436,3,0.49347319988320126,0,0,0.117033926938672,0,0
237,121.05344754831502,3,1.9587383435368775,0,0,0.4866801702816728,0,0
238,105.99627477623038,3,2.09240567393003,0,0,0.5160776023039687,0,0
239,103.00288947500106,3,1.9388888268959432,0,0,0.48215871243635766,0,0
240,117.94455501966668,3,3.1433292969283153,0,0,0.7266150639555606,0,0
241,116.30901736395056,3,4.2077806998467215,1,3,0.8941823317481298,1,3
242,122.4222687032552,3,5.785767761434016,1,3,1.1309432777159627,1,3
243,103.55755007873744,3,5.686089538467673,1,3,0.9848189775795018,1,3
244,147.51743178535787,3,9.13343192493624,1,3,1.5773236593573148,1,3
245,117.4209481545845,3,10.293268172211558,1,3,1.5938261769409154,1,3
246,108.29361189293566,3,10.641892917585453,1,3,1.4447858906275117,1,3
247,135.98601025890633,3,13.273260169058343,1,3,1.7821021627965876,1,3
248,124.91958503488988,3,15.053690546322704,1,3,1.8817678056901423,1,3
249,135.3088808567984,3,17.635014756448665,1,3,2.121679086577306,1,3
250,128.15326305312607,3,19.671650131024165,1,3,2.204670344176945,1,3
251,133.34653533160423,3,22.106520643853546,1,3,2.3507103779074323,1,3
252,139.08649074311396,3,24.96389024600673,1,3,2.5520422227565827,1,3
253,127.43863096060014,3,26.94446610915417,1,3,2.5377489508347537,1,3
254,148.5947726684091,3,30.464756176092255,1,3,2.83425717405542,1,3
255,134.01064614172756,3,32.94943047122597,1,3,2.8643405982710797,1,3
256,130.21525569767525,3,35.146084080388384,1,3,2.8308032004493455,1,3
257,144.69838299737708,3,38.399995907962705,1,3,3.015424925874341,1,3
258,151.75488237515472,3,42.131247757354316,1,3,3.258590310577795,1,3
259,143.42471693349188,3,45.29652707150226,1,3,3.3399281112918247,1,3
260,136.08731616402957,3,47.93535986857128,1,3,3.299709048447265,1,3
261,159.44817101275376,3,52.16236935007824,1,3,3.5851691350592034,1,3
262,127.07141088253212,3,54.114016139044864,1,3,3.358464665840689,1,3
263,138.08316274210128,3,56.898806589421085,1,3,3.343729822747796,1,3
264,155.223288454494,3,60.8566030121828,1,3,3.5665431427505796,1,3
265,136.3584311960645,3,63.515387809673854,1,3,3.484991473698675,1,3
266,158.2027658613055,3,67.66378771043912,1,3,3.717673159111995,1,3
267,158.46653145209828,3,71.82888793990463,1,3,3.907158573182698,1,3
268,176.00280625715345,3,77.0461733761805,1,3,4.269183945801334,1,3
269,148.31456664157662,3,80.54754146743872,1,3,4.215620774892709,1,3
270,154.12989356776282,3,84.43447204079523,1,3,4.24988273458547,1,3
271,102.8663262319196,0,84.26765508437018,1,3,3.466542796383365,1,3
272,77.87069905245703,0,81.31008319758752,1,3,2.281719859750159,1,3
273,135.56190640277032,0,83.91013642819044,1,3,2.4453865339207113,1,3
274,92.80529259403262,0,82.71148348665761,1,3,1.8165786388300047,1,3
275,92.51705374505708,0,81.48164611496915,1,3,1.307295436726311,1,3
276,108.42879042776003,0,81.8427768113395,1,3,1.2180624886551201,1,3
277,99.10914729899804,0,81.30294503822151,1,3,0.9664836363004983,1,3
278,83.32050041382014,0,79.0235104691598,1,3,0.41729999522805694,0,0
279,105.92506074857955,0,79.15044022443091,1,3,0.45922594723666565,0,0
280,108.36662022577995,0,79.50582122400397,1,3,0.5384569577039444,0,0
281,95.13645929251008,0,78.55587359992735,1,3,0.3407760413478328,0,0
282,96.74754975270132,0,77.77427247347968,1,3,0.21630060778873303,0,0
283,104.44625551821773,0,77.7602589582822,1,3,0.2702377831914875,0,0
284,90.88027384380736,0,76.3514757702883,1,3,0.03443358895441101,0,0
285,103.95154421181452,0,76.28986605736506,1,3,0.1152249285788794,0,0
286,101.50167644639328,0,75.98916546347303,1,3,0.1320398240846985,0,0
287,93.025121866559,0,74.81423071868625,1,3,-0.029355089689597574,0,0
288,86.60269941056472,0,72.92212423459355,1,3,-0.30190536857021555,0,0
289,97.28944802567376,0,72.1965178294073,1,3,-0.28664557589342454,0,0
290,91.18318205216606,0,70.82109274848003,1,3,-0.40440147690019346,0,0
291,109.95674240546587,0,71.32250664497849,1,3,-0.1232384022204622,0,0
292,100.94418394567178,0,70.96659271811487,1,3,-0.0697735071490936,0,0
293,107.57722951061152,0,71.24868015266762,1,3,0.10059868119127499,0,0
294,100.8489385890358,0,70.88330275990684,1,3,0.10740346640086496,0,0
295,102.14769545667642,0,70.64620499270833,1,3,0.13850321968099177,0,0
296,92.02771901776656,0,69.36320357257813,1,3,-0.04579770828124681,0,0
297,106.36043433161936,0,69.53125351659634,1,3,0.09697182217864467,0,0
298,118.89266057227849,0,70.81595817175015,1,3,0.4345183887736789,0,0
299,96.47686805464934,0,70.00626975090057,1,3,0.2856770268490274,0,0
300,93.7906306037378,0,68.913493378427,1,3,0.10998634698450976,0,0
301,97.94935870564488,0,68.25565633627984,1,3,0.0564216691581756,0,0
302,94.83956408748794,0,67.2743745936683,1,3,-0.05111901319576718,0,0
303,92.77911095138376,0,66.07289307415739,1,3,-0.18119151445879436,0,0
304,100.8848757266718,0,65.71108740237776,1,3,-0.11731434592296196,0,0
305,96.65767428243548,0,64.92016906893636,1,3,-0.15203514342664998,0,0
306,114.86121770258104,0,65.85904784713783,1,3,0.16614764089897402,0,0
307,99.50572047445534,0,65.35924969691894,1,3,0.13295848267539942,0,0
308,102.77125322547224,0,65.18316300135287,1,3,0.17114944702710677,0,0
309,109.41636664252512,0,65.6351883692966,1,3,0.32732463121043104,0,0
310,172.81208075437382,2,70.66906538004574,1,3,1.3686351071181726,1,4
311,205.51560524715248,2,77.4404407947834,1,3,2.5491831686420716,1,4
312,167.1837434562048,2,82.14237829707304,1,3,3.079734035371584,1,4
313,164.28024673071198,2,86.668681702338,1,3,3.4690479093502606,1,4
314,171.6864655653962,2,91.63704732008519,1,3,3.8689114510296454,1,4
315,176.0489977116061,2,96.85696343502961,1,3,4.239112383812603,1,4
316,154.8446244321218,2,100.79027429044669,1,3,4.277952078133497,1,4
317,177.45282778110806,2,106.08981328870857,1,3,4.582269462159175,1,4
318,150.78749627290077,2,109.75695483289299,1,3,4.499243878564225,1,4
319,204.60335364013704,2,116.48373195378608,1,3,5.044750527029999,1,4
320,176.64216360541073,2,121.7373686259563,1,3,5.186527756058043,1,4
321,167.0293290399941,2,126.43004258402006,1,3,5.187756996459187,1,4
322,162.6495062762856,2,130.85633522687044,1,3,5.135464125737429,1,4
323,171.37568065991323,2,135.80653732641755,1,3,5.198411720499369,1,4
324,174.15628565411532,2,140.9180909899864,1,3,5.281040109113265,1,4
325,160.4551064300059,2,145.20821031437671,1,3,5.182855952168674,1,4
326,162.46372867412717,2,149.62304594204886,1,3,5.129251887269371,1,4
327,174.78114792596904,2,154.77050419320926,1,3,5.232893160047577,1,4
328,169.06050814091236,2,159.5843525474124,1,3,5.249084198878691,1,4
329,195.56510404074075,2,165.85820280440248,1,3,5.554037410500966,1,4
330,199.47913949779056,2,172.33071101927632,1,3,5.837731571375541,1,4
331,178.35995066374096,2,177.6813661821186,1,3,5.8403162896688885,1,4
332,186.68967770807552,2,183.48960129655012,1,3,5.9339000546214145,1,4
333,155.86943945836003,2,187.48904220723782,1,3,5.6470082258346705,1,4
334,189.7654508676332,2,193.46109602582717,1,3,5.812017344385611,1,4
335,177.53270124567717,2,198.76514635431295,1,3,5.810423941205641,1,4
336,104.43254253834708,0,198.7498165532528,1,3,4.745273192752486,1,4
337,116.72639563096486,0,199.8501784279043,1,3,4.1162909291322896,1,4
338,79.25546674118996,0,197.06931298635183,1,3,2.836859654995339,1,4
339,102.12779818657968,0,196.83026227436494,1,3,2.3216775815988915,1,4
340,89.17104823670742,0,195.23113961458134,1,3,1.6375175333223928,1,4
341,105.55872542024004,0,195.3233385610027,1,3,1.4284538159421871,1,4
342,87.28601354513286,0,193.5100207858865,1,3,0.880099497730505,1,4
343,94.70608440426452,0,192.51461971102202,1,3,0.6049993832115107,0,0
344,101.53646402047538,0,192.21735437433117,1,3,0.5245464392310396,0,0
345,105.78337882203428,0,192.3308660895213,1,3,0.54233949442286,0,0
346,100.24887373698958,0,191.9056606437596,1,3,0.4488305063859496,0,0
347,91.93750639732288,0,190.61282716785504,1,3,0.20049770992784555,0,0
348,94.15849103456542,0,189.55929324115118,1,3,0.049691382601505824,0,0
349,108.68191160755248,0,189.9437993987416,1,3,0.216654337599288,0,0
350,99.44914684191536,0,189.43829997015575,1,3,0.17222358436226332,0,0
351,84.11898372805587,0,187.2544799537637,1,3,-0.19898513578860078,0,0
352,108.24005700743768,0,187.5981457870751,1,3,0.009545058031402542,0,0
353,103.7222202174121,0,187.5143959130579,1,3,0.09088607162168424,0,0
354,108.56177828404786,0,187.88781468629077,1,3,0.24739261194392004,0,0
355,96.21795454955158,0,187.05118626137505,1,3,0.13058840457199344,0,0
356,108.07276467443477,0,187.3793458511949,1,3,0.27010264162156605,0,0
357,89.51018051045907,0,185.81827746623762,1,3,0.003868436305798667,0,0
358,105.32525915755484,0,185.88827945532293,1,3,0.11709514686170328,0,0
359,94.75351349874244,0,184.8978976552001,1,3,-0.00440024253520617,0,0
360,106.42734121576989,0,185.07225189937793,1,3,0.1313506548073998,0,0
361,110.00319093653656,0,185.5778997012611,1,3,0.3062100842225497,0,0
362,92.46026761141532,0,184.34190720899417,1,3,0.09776956892465583,0,0
363,98.99653119354925,0,183.79067775837945,1,3,0.06796976501678104,0,0
364,99.89112041298552,0,183.3296327257394,1,3,0.06216680548541798,0,0
365,112.04109082570338,0,184.0193018657236,1,3,0.2876672723851762,0,0
366,106.81241295697446,0,184.2298626216183,1,3,0.3722459690870834,0,0
367,88.10862651622725,0,182.5105810652665,1,3,0.05394046399930491,0,0
368,104.15103029835215,0,182.46819111534143,1,3,0.13467438121442715,0,0
369,107.18096541367136,0,182.71328310871664,1,3,0.2567579036465824,0,0
370,122.98316984148389,0,184.3370965587394,1,3,0.6301690129218191,0,0
371,84.1581392862725,0,182.15794185857527,1,3,0.1683042703046294,0,0
372,94.31999065816932,0,181.12158790909209,1,3,0.027372626347069134,0,0
373,113.65875591263112,0,181.95496391651986,1,3,0.2885733025632113,0,0
374,86.9231969899219,0,180.09988913575458,1,3,-0.040156314102488544,0,0
375,88.28296912778394,0,178.40042460805142,1,3,-0.2720179568226202,0,0
376,104.77075368909163,0,178.41750879856664,1,3,-0.11419752735505252,0,0
377,110.1433450611099,0,178.9359211890751,1,3,0.11232445621764944,0,0
378,93.08315584307478,0,177.76723859431985,1,3,-0.04387695397692759,0,0
379,105.01187432083026,0,177.80736784147808,1,3,0.07292428625010708,0,0
380,100.67137166473566,0,177.42432372167949,1,3,0.08173060504036371,0,0
381,115.78005105356112,0,178.44307821641095,1,3,0.3691353829785828,0,0
382,99.48864869190405,0,177.94155997757704,1,3,0.2950046586160824,0,0
383,109.83437199439736,0,178.43181092174183,1,3,0.43405391572582563,0,0
384,90.93162034662404,0,177.02869014393892,1,3,0.16661897702007866,0,0
385,421.2349441007123,1,190.99466782858002,1,3,3.026490718544284,1,5
386,98.54848112175247,0,190.39796324636742,1,3,2.4018516583929057,1,5
387,111.47747700715142,0,191.03707534107903,1,3,2.149303745656644,1,5
388,105.42630741198651,0,191.1166905920793,1,3,1.8353660467253705,1,5
389,92.3149993232758,0,189.8649350659904,1,3,1.3179417321625198,1,5
390,106.5082260759929,0,190.04690539527815,1,3,1.1907474515875627,1,5
391,107.45439521264176,0,190.31753954407253,1,3,1.1067247910289302,1,5
392,98.40171271857386,0,189.70589364160833,1,3,0.8630506523303052,1,5
393,96.97884462336012,0,188.94823064124196,1,3,0.6389079217909729,0,0
394,97.59857434017913,0,188.25442693142517,1,3,0.47236559546941964,0,0
395,84.02524152898728,0,186.0594288672115,1,3,0.03889286353280058,0,0
396,101.39485898269297,0,185.74817273447954,1,3,0.06886306427985148,0,0
397,101.85950731260576,0,185.48275168143041,1,3,0.10200624081405651,0,0
398,91.27321637025264,0,184.11722036923476,1,3,-0.09150126978788337,0,0
399,107.15271208075151,0,184.35966939396175,1,3,0.07528878911509237,0,0
400,86.76815894260707,0,182.48669791406056,1,3,-0.2143632646881664,0,0
401,94.17464173969609,0,181.43488338962794,1,3,-0.2818535166370558,0,0
402,94.89692278332062,0,180.45966288259663,1,3,-0.3205269147159081,0,0
403,121.32244060933614,0,181.94717979712198,1,3,0.14108185113234178,0,0
404,84.83212122934978,0,179.84799040711803,1,3,-0.2069723970949131,0,0
405,105.2478605798207,0,179.91062281504688,1,3,-0.05305143609015975,0,0
406,109.3083824932792,0,180.3527495583325,1,3,0.14598419978499955,0,0
407,103.32441035305555,0,180.2304766353597,1,3,0.1923327752334401,0,0
408,111.9533148481632,3,180.91228887467338,1,3,0.39022866804948725,0,0
409,90.76223783353387,3,179.49047672455336,1,3,0.1278205044155845,0,0
410,80.54507517940874,3,176.87141995152277,1,3,-0.32155495107365345,0,0
411,110.02541753734177,3,177.3790931339619,1,3,-0.0557093243710966,0,0
412,91.178276054534,3,176.00312865791113,1,3,-0.21976035470703267,0,0
413,100.2195735706844,3,175.57499274539117,1,3,-0.16143546626961877,0,0
414,92.76694607631453,3,174.37219670145083,1,3,-0.2697075818037607,0,0
415,116.78727984540448,3,175.4777862096294,1,3,0.10535183619270028,0,0
416,115.50600114747245,3,176.47278361916767,1,3,0.38328095086181585,0,0
417,99.36284690379416,3,175.95858095641827,1,3,0.3037842281395704,0,0
418,117.71377573537464,3,177.14338660748598,1,3,0.5799885127251976,0,0
419,109.69445370626406,3,177.62085858534516,1,3,0.6594852057519955,0,0
420,107.6743448896531,3,177.91199197524952,1,3,0.6858148425824676,0,0
421,110.62020126645606,3,178.4737129004022,1,3,0.7609960590965122,0,0
422,108.57669692363277,3,178.84850921667388,1,3,0.7837561105315434,0,0
423,118.66233448602551,3,180.11377406993134,1,3,0.9800578590767262,1,6
424,115.94230486575034,3,181.14656768131346,1,3,1.0906050095378066,1,6
425,109.33587705189926,3,181.59121570653608,1,3,1.0614136126747695,1,6
426,126.0600414173692,3,183.46275396317245,1,3,1.3234385414670917,1,6
427,108.03291447565796,3,183.78721631800303,1,3,1.2236433041397934,1,6
428,118.9915703602277,3,185.0802575235392,1,3,1.3375228844190674,1,6
429,121.44867328047206,3,186.5781997134997,1,3,1.4696067455273618,1,6
430,135.88333828634646,3,189.20199507285744,1,3,1.8004444682934337,1,6
431,112.24909846241682,3,189.91025859978842,1,3,1.6820082800209446,1,6
432,141.43246565472913,3,192.93530926220456,1,3,2.0506167564999815,1,6
433,121.78810819961085,3,194.46123097406874,1,3,2.045677747572823,1,6
434,118.16449265176234,3,195.6843481284371,1,3,1.9811656289319335,1,6
435,113.41110660746844,3,196.49585706932453,1,3,1.8472342913230313,1,6
436,129.43916410367274,3,198.6325824705677,1,3,2.0051325133070628,1,6
437,123.49407773250108,3,200.29795626466736,1,3,2.0371807694655812,1,6
438,110.80442072001684,3,200.87635820261656,1,3,1.8454250031623025,1,6
439,111.25710030261388,3,201.49563261545046,1,3,1.700194885096624,1,6
440,118.55714480808234,3,202.7520067771609,1,3,1.7114307404193874,1,6
441,117.89469344409564,3,203.95220825458426,1,3,1.709184887820187,1,6
442,141.50824428023105,3,206.98262879022374,1,3,2.073432017384044,1,6
443,146.51749037394396,3,210.3617859871337,1,3,2.4345770532892232,1,6
444,108.50920535452856,0,210.73034882218155,1,3,2.1213742096409502,1,6
445,103.1199551518461,0,210.5882191564996,1,3,1.7686734345763728,1,6
446,95.34269182186549,0,209.65997967316014,1,3,1.3292908509932029,1,6
447,100.04597137851536,0,209.21446327871033,1,3,1.0743294019045986,1,6
448,108.68412447246236,0,209.59917355178612,1,3,1.0364055761388355,1,6
449,123.07111601657816,0,211.23015336439863,1,3,1.25532042343357,1,6
450,108.99019720098944,0,211.64305593428733,1,3,1.1868368527245963,1,6
451,148.58981474874088,2,215.16301150906696,1,3,1.7534605971356059,1,6
452,153.3854646035408,2,219.0014054056448,1,3,2.2704472570240477,1,6
453,145.6237985740446,2,222.31922752422622,1,3,2.5799222293355246,1,6
454,141.3325701617747,2,225.33719493057308,1,3,2.7675312647377908,1,6
455,150.0221109509002,2,228.95332098016,1,3,3.0372502217076143,1,6
456,155.8157011243395,2,232.9493050384023,1,3,3.328996989014552,1,6
457,183.5146920394074,2,238.58558166619946,1,3,3.8904529167710744,1,6
458,153.59993322629853,2,242.43798300542272,1,3,3.9828426012615097,1,6
459,174.96034896491673,2,247.59571446583573,1,3,4.317820373091807,1,6
460,182.26660729619195,2,253.16357835138572,1,3,4.667829075583446,1,6
461,154.01072890258686,2,257.0427551835531,1,3,4.610098626900235,1,6
462,179.38622785035133,2,262.4509283230967,1,3,4.869713529428917,1,6
463,164.10013904271656,2,266.96623489045425,1,3,4.898832137014637,1,6
464,146.5712077087646,2,270.34906684014885,1,3,4.695632099550629,1,6
465,156.9007031582845,2,274.4146164717178,1,3,4.669615605954294,1,6
466,153.1538804054574,2,278.237863058163,1,3,4.600341802052477,1,6
467,149.3040672584056,2,281.8058919136163,1,3,4.493879212732644,1,6
468,149.80469041062975,2,285.4074786821232,1,3,4.415420723887504,1,6
469,155.01876112664615,2,289.35205717378045,1,3,4.4212522774414555,1,6
470,159.5681701395123,2,293.58660850569464,1,3,4.4839120883360035,1,6
471,91.09718131637167,0,292.20172377514035,1,3,3.4101527245579395,1,6
472,99.41058417720578,0,291.69233628679297,1,3,2.726244681976873,1,6
473,85.48475529251543,0,289.66997620391584,1,3,1.8765237290060768,1,6
474,102.1262427907554,0,289.4307728116275,1,3,1.553378304747189,1,6
475,105.88990339068953,0,289.55437465107343,1,3,1.3674230116869421,1,6
476,101.14445436183364,0,289.2183302628143,1,3,1.1267295316977264,1,6
477,102.38183015536532,0,289.0041846098592,1,3,0.9585544947671633,1,6
478,105.53499865263788,0,289.0941299606387,1,3,0.8848326659696412,1,6
479,93.11639937320383,0,287.9290270214269,1,3,0.5748455449333558,0,0
480,97.1590741823752,0,287.1899775411668,1,3,0.41206653989466485,0,0
481,493.1321141041826,1,302.7357527020156,1,3,3.538808264085496,1,7
482,109.96195807073606,0,303.2376421092082,1,3,3.0314244927069205,1,7
483,103.50179562225344,0,303.1325650830351,1,3,2.504124188930924,1,7
484,128.36094545202738,0,305.1854335439294,1,3,2.5138730433235934,1,7
485,98.60102731742865,0,304.59407286178254,1,3,1.992826298229506,1,7
486,109.93755173162012,0,305.0937369559017,1,3,1.7941938574074412,1,7
487,112.90568344003331,0,305.8604692229183,1,3,1.6887015393292697,1,7
488,98.1847883379419,0,305.2266991198865,1,3,1.3242072108570528,1,7
489,91.68398852498804,0,303.90618360499275,1,3,0.8952626657068842,1,7
490,88.43154835305371,0,302.22357679201144,1,3,0.4796887699692467,0,0
491,101.12752756983804,0,301.88585455941666,1,3,0.4162065694564436,0,0
492,111.15750244381712,0,302.496150561484,1,3,0.5550244559786193,0,0
493,102.237067609157,0,302.267820106389,1,3,0.49835347376390093,0,0
494,101.2343014533999,0,301.9406769859364,1,3,0.4332541549206023,0,0
495,95.810082586357,0,301.06146199704375,1,3,0.27076032615794454,0,0
496,105.231058651434,0,301.1224938770224,1,3,0.3288146369220876,0,0
497,80.41035812054245,0,298.48665564213553,1,3,-0.16411593743969977,0,0
498,101.83710887541896,0,298.2190299036061,1,3,-0.08481789765765044,0,0
499,99.7832823509894,0,297.7471565165991,1,3,-0.06222899552751949,0,0
500,86.79089654874204,0,295.8768117350476,1,3,-0.32385215273231005,0,0
501,123.6201848989584,0,297.55241739247714,1,3,0.17603940930005285,0,0
502,86.64321282537571,0,295.6649995668635,1,3,-0.13665203768268147,0,0
503,89.36337312182734,0,294.0874755481271,1,3,-0.3248264338934331,0,0
504,88.27061888489617,0,292.3866084919434,1,3,-0.5000345583514879,0,0
505,111.15834344934504,0,292.996980341493,1,3,-0.1779532767712712,0,0
506,91.06808021917328,0,291.6088926138565,1,3,-0.31998016694431763,0,0
507,106.36689562769836,0,291.77755154637373,1,3,-0.12225234705200266,0,0
508,355.77705791668046,1,304.0504489897442,1,3,2.456777611032491,1,8
509,102.11478190119782,0,303.8101205053312,1,3,2.0173563919433883,1,8
510,87.33595779877518,0,302.0025372808269,1,3,1.352368468653856,1,8
511,93.60994108350278,0,300.8904289911951,1,3,0.9594731169967281,1,8
512,117.5766532961338,0,302.06354995601885,1,3,1.1022026865621313,1,8
513,87.48265393811795,0,300.2727912969985,1,3,0.6236104174456304,0,0
514,91.58214412906716,0,298.94113366538954,1,3,0.33255680763471074,0,0
515,97.9062816747059,0,298.2788867873952,1,3,0.23359607050890305,0,0
516,107.86634003820102,0,298.5878798645135,1,3,0.34867547183079073,0,0
517,102.03300795219398,0,298.33952013187076,1,3,0.329268430936074,0,0
518,107.14841437064804,0,298.5815670646269,1,3,0.4118241313000801,0,0
519,89.45457774140581,0,297.01426934514706,1,3,0.11599976114409735,0,0
520,109.33731717649968,0,297.45904941393974,1,3,0.2817558226738104,0,0
521,105.31505805909426,0,297.52808040537894,1,3,0.33921085642689475,0,0
522,84.8712210611682,0,295.43351053949186,1,3,-0.047545288035896194,0,0
523,116.0247735825943,0,296.4734322813463,1,3,0.26994811794216655,0,0
524,125.06890065234496,0,298.26583827891284,1,3,0.6744396938670507,0,0
525,92.16020260569576,0,296.9972584687622,1,3,0.3858357930635089,0,0
526,100.0576443970631,0,296.55291168405546,1,3,0.3197992775094578,0,0
527,114.38727073170304,0,297.45033930810916,1,3,0.5353249468183054,0,0
528,85.836070069384,0,295.46909415999926,1,3,0.13201092783266583,0,0
529,81.58976107982161,0,292.97922716251753,1,3,-0.29236465723021726,0,0
530,87.42865591696982,0,291.1822787592646,1,3,-0.4932814064347629,0,0
531,94.03145423793288,0,290.115210217093,1,3,-0.5080388335821224,0,0
532,93.92481594306253,0,289.0367662099358,1,3,-0.5221198682971373,0,0
533,105.71837492385112,0,289.1441156912131,1,3,-0.296225998382256,0,0
534,102.20513129532732,0,288.91265319838953,1,3,-0.18327329727051558,0,0
535,87.87339956099537,0,287.16657182865714,1,3,-0.395834911762889,0,0
536,105.29773782563396,0,287.2339539679017,1,3,-0.20319150156139865,0,0
537,119.95745704013028,0,288.6080419996782,1,3,0.21226440510618255,0,0
538,112.12370773329344,0,289.3051006264582,1,3,0.40922324944094723,0,0
539,407.42550414813775,1,302.93691989706576,1,3,3.1537424536742664,1,9
540,99.7041993632493,0,302.45709810152727,1,3,2.5270296038317164,1,9
541,109.7619110810994,0,302.9407331054787,1,3,2.218350683855666,1,9
542,90.36183257410065,0,301.47459714900066,1,3,1.5814533557889192,1,9
543,107.2443355262277,0,301.72561459050064,1,3,1.415366172931131,1,9
544,98.64148104165658,0,301.1383660752848,1,3,1.1148432353017368,1,9
545,111.38630506242376,0,301.7692758920124,1,3,1.1180565515869088,1,9
546,104.23836001257096,0,301.73528826170696,1,3,0.98764771520844,1,9
547,89.25326886416428,0,300.145404911345,1,3,0.5721415020943653,0,0
548,100.7822742859835,0,299.77339851377826,1,3,0.4833119221621426,0,0
549,112.36070209407572,0,300.49162440453426,1,3,0.6302947158809099,0,0
550,88.90358087980506,0,298.8623868186601,1,3,0.2783882555299042,0,0
551,94.10583616993328,3,297.8032452120856,1,3,0.11088228310901216,0,0
552,95.5543681424118,3,296.8972381085729,1,3,0.007504405784669155,0,0
553,92.02793865426425,3,295.6142606143312,1,3,-0.1505919742205917,0,0
554,121.62081512181555,3,297.1264021655094,1,3,0.28195473085915695,0,0
555,130.11627308423718,3,299.31543244140704,1,3,0.7633698398668582,0,0
556,127.6207602112824,3,301.31032527714257,1,3,1.1096744390405955,1,10
557,124.47303585558468,3,303.0548552866144,1,3,1.3366455531268444,1,10
558,124.51500960834376,3,304.8027652598604,1,3,1.518898437150672,1,10
559,131.94180704655938,3,307.1314684274782,1,3,1.7808593832440907,1,10
560,123.1699180009079,3,308.7704930910306,1,3,1.8524924393057478,1,10
561,148.8577572898492,3,312.30850976170467,1,3,2.2895972855794198,1,10
562,155.19517337603202,3,316.26449023191833,1,3,2.7228739225062735,1,10
563,157.47938536929914,3,320.3669459782784,1,3,3.0987902872770334,1,10
564,139.56554338546397,3,323.25878501724424,1,3,3.157400037614796,1,10
565,152.00637166117914,3,327.006636555487,1,3,3.375490337740389,1,10
566,151.95404503920744,3,330.75103651002763,1,3,3.5492722611004384,1,10
567,189.04367792508992,3,336.6848876843805,1,3,4.12618804375092,1,10
568,164.74573599362697,3,341.23955672399063,1,3,4.311884242922763,1,10
569,137.15874654330045,3,343.9570080669031,1,3,4.092997662920697,1,10
570,176.0095984921117,3,349.1746803753318,1,3,4.417932592022291,1,10
571,208.50955754112144,3,356.0910459226849,1,3,5.017619183088453,1,10
572,188.96517009089345,3,362.020732971874,1,3,5.300032756308586,1,10
573,196.66514590948893,3,368.3508150315841,1,3,5.60604261698889,1,10
574,184.47500657707815,3,374.0394145303097,1,3,5.7225539933362395,1,10
575,154.009441306002,3,377.918507549089,1,3,5.453861798424847,1,10
576,159.564860215687,3,382.1528509309765,1,3,5.3099581151173805,1,10
577,172.04168555654027,3,387.1419368081746,1,3,5.345783667533523,1,10
578,98.25276120896824,0,386.5151045384483,1,3,4.251260480081568,1,10
579,102.62871712418618,0,386.32510431360413,1,3,3.4630083390964166,1,10
580,106.58736841927706,0,386.51452105711456,1,3,2.9082900199792183,1,10
581,96.18119619708146,0,385.67406204255775,1,3,2.258540213072009,1,10
582,109.46994112221589,0,386.1309948178914,1,3,1.998218725524339,1,10
583,96.76542063501046,0,385.3512452977623,1,3,1.5426250763936544,1,10
584,92.7512560564075,0,384.14675355114315,1,3,1.0932017117910868,1,10
585,108.3262413694874,0,384.4983984192356,1,3,1.044890343051366,1,10
586,90.82893511031592,0,383.0839504784531,1,3,0.6530226862845878,0,0
587,75.78990677400355,0,379.85485631164266,1,3,-0.02340068433441711,0,0
588,89.52007556244776,0,378.2948960915732,1,3,-0.23071259148142748,0,0
589,100.44271468801465,0,377.88905616897864,1,3,-0.16573805770405314,0,0
590,73.18153579338757,0,374.30886795922487,1,3,-0.7486280881139977,0,0
591,96.0212979071767,0,373.45172888354455,1,3,-0.6703302856272644,0,0
592,96.26151097607408,0,372.61963758194,1,3,-0.6026824888227136,0,0
593,86.30643138584395,0,370.69317688383126,1,3,-0.76743813067993,0,0
594,85.82525459849475,0,368.7106684961802,1,3,-0.9104521820741563,0,0
595,95.01775977913096,0,367.7482051541784,1,3,-0.8208544140596874,0,0
596,94.21892302005293,0,366.7011032978088,1,3,-0.766103902521668,0,0
597,112.82902125635276,3,367.4610263724085,1,3,-0.36089850709739385,0,0
598,104.2658705932551,3,367.4296841803375,1,3,-0.19498724409211715,0,0
599,86.58510325105927,3,365.53554059165634,1,3,-0.43481851300992885,0,0
600,93.94896636461728,3,364.45967392190613,1,3,-0.4630281443579872,0,0
601,110.768640905661,3,365.03483818028053,1,3,-0.15538966381151317,0,0
602,125.86999521245872,3,366.89125155225486,1,3,0.34697094334565365,0,0
603,109.24740256074568,3,367.32778410336095,1,3,0.4648832648977394,0,0
604,109.38938840249337,3,367.7773373623178,1,3,0.5618172637095542,0,0
605,128.80676624380104,3,369.8649640050503,1,3,0.966979139514148,1,11
606,107.677832297649,3,370.15642208294844,1,3,0.9318749271909462,1,11
607,105.55174946715042,3,370.24795849790814,1,3,0.8638072247446974,1,11
608,95.35594056994654,3,369.3211119789195,1,3,0.605676475998029,0,0
609,105.20375503351414,3,369.37954240970726,1,3,0.5962272669559769,0,0
610,138.7694811946855,3,372.21403677845973,1,3,1.1438806873152725,1,12
611,97.7101480081164,3,371.5316869546433,1,3,0.8786345850889311,1,12
612,113.6603756334986,3,372.3652058241372,1,3,0.9696114419699227,1,12
613,99.46645382073116,3,371.8614508721788,1,3,0.7749381631842637,0,0
614,116.89269752739064,3,372.9760853003033,1,3,0.942877416172303,1,13
615,127.11050911079242,3,374.93081616591684,1,3,1.245248106060548,1,13
616,114.45891725832836,3,375.83452096458973,1,3,1.2769394445830216,1,13
617,127.14361392634476,3,377.7918624036012,1,3,1.5130198434687152,1,13
618,128.02819529874682,3,379.81870940697894,1,3,1.7157852754505156,1,13
619,125.55655612416314,3,381.65012767315085,1,3,1.8389118735947987,1,13
620,143.61296725326878,3,384.82855649836387,1,3,2.206815263918439,1,13
621,131.80363397386088,3,387.14675575018987,1,3,2.3290920614999457,1,13
622,119.20483796137272,3,388.45774852952934,1,3,2.2254722050678484,1,13
623,115.69215621924992,3,389.4688896486388,1,3,2.0826059878761773,1,13
624,114.669127732155,3,390.39098898854905,1,3,1.9505046582829926,1,13
625,131.80306264569555,3,392.70914478515704,1,3,2.124034885947986,1,13
626,122.60435510795944,3,394.3020315309,1,3,2.117805257906986,1,13
627,167.47792401853218,3,399.02159369744334,1,3,2.738156639634247,1,13
628,154.42453908814565,3,402.9276703972296,1,3,3.0717406516646464,1,13
629,126.69369929930808,3,404.8494742568733,1,3,2.9417532932604646,1,13
630,126.15866910867511,3,406.72885284320756,1,3,2.829278351875223,1,13
631,155.4179367447715,3,410.6992125823665,1,3,3.1574946293319694,1,13
632,109.5905169311212,3,411.167181288639,1,3,2.7195894447200653,1,13
633,127.30982892206468,3,413.13761981338973,1,3,2.6697592607262015,1,13
634,147.45226810332085,3,416.5805328401158,1,3,2.924390013926165,1,13
635,123.30146914035868,3,418.23025891071643,1,3,2.7694572252610583,1,13
636,129.66483590643026,3,420.38444719832376,1,3,2.74640343773031,1,13
637,132.2038875159244,3,422.73304353628936,1,3,2.766842017777371,1,13
638,147.2448393503614,3,426.16184400005324,1,3,2.9992337069746737,1,13
639,140.7043379903333,3,429.1351504845282,1,3,3.09404826247473,1,13
640,145.44059326992,3,432.4403525332241,1,3,3.2362790197189595,1,13
641,149.26319177594732,3,436.00563644491746,1,3,3.402079998113842,1,13
642,142.01671711245586,3,439.0720144944221,1,3,3.434939608392001,1,13
643,159.22572495864074,3,443.28502839195073,1,3,3.6905544662193344,1,13
644,92.52514011623182,0,442.05606720491363,1,3,2.8066513355680427,1,13
645,86.22325920334438,0,440.1199409467066,1,3,1.958095816813025,1,13
646,83.34175365306966,0,437.8430632003821,1,3,1.2111011041855257,1,13
647,84.64763034774226,0,435.72204801916075,1,3,0.6446778471041494,0,0
648,449.4010369119731,1,450.33689064804497,1,3,3.538710803460164,1,14
649,110.27128795334713,0,450.866941311197,1,3,3.036978775398547,1,14
650,123.98199607925224,2,452.5718451432816,1,3,2.8705637867357554,1,14
651,114.78458116015224,2,453.50403293501677,1,3,2.582888587735636,1,14
652,109.5130214287786,2,453.9649101126317,1,3,2.258486305711493,1,14
653,115.58497094922572,2,454.96675910358533,1,3,2.1071588427599286,1,14
654,117.03777300707404,2,456.0938277937081,1,3,2.0111408122325014,1,14
655,115.168188595381,2,457.05946291980047,1,3,1.902039675004478,1,14
656,105.62179804951975,2,457.15765011485394,1,3,1.6412691790142708,1,14
657,116.19856833628889,2,458.2125771196552,1,3,1.6240007441716642,1,14
658,134.8581777838785,2,460.76045324426144,1,3,1.908775820258589,1,14
659,98.08582167293378,2,460.1165732510589,1,3,1.4982446575663666,1,14
660,97.1439580421772,0,459.3759639522824,1,3,1.1504738662977856,1,14
661,80.52660838073795,0,456.75460846411414,1,3,0.4961079954045759,0,0
662,101.33727053403204,0,456.43765691413046,1,3,0.4334960863269288,0,0
663,92.35427052070472,0,455.19016514317855,1,3,0.1972985148711656,0,0
664,80.81356783416302,0,452.6044704651294,1,3,-0.2593001237129015,0,0
665,100.5082887742459,0,452.2051732096017,1,3,-0.18729955007586388,0,0
666,119.28119027117005,0,453.52258505716117,1,3,0.21364272945120782,0,0
667,100.59042734135532,0,453.13147717338575,1,3,0.19269260680588707,0,0
668,111.7300041628406,0,453.7932728828752,1,3,0.38651322734260285,0,0
669,98.79651790568784,0,453.22176843944294,1,3,0.2949096931876248,0,0
670,80.23601133511633,0,450.564170352553,1,3,-0.19559186282788732,0,0
671,104.49313845278498,0,450.55465574628545,1,3,-0.058376411515821056,0,0
672,95.4374536262092,0,449.6363751984343,1,3,-0.13035723878289024,0,0
673,86.00023960437886,0,447.67428541835244,1,3,-0.396703747042683,0,0
674,332.793315770201,1,459.27768913280374,1,3,2.103317745256116,1,15
675,102.39208846875025,0,459.0645478968588,1,3,1.7400259490159078,1,15
676,94.42300138029536,0,458.039136644451,1,3,1.286938508731161,1,15
677,108.50389960586809,0,458.40720927933745,1,3,1.2031653339622181,1,15
678,91.21366019766292,0,457.0351345004687,1,3,0.7881173113960228,0,0
679,106.09959854216194,0,457.1785692714913,1,3,0.7591808033213412,0,0
680,90.59353235790492,0,455.738105754561,1,3,0.41925193927101134,0,0
681,104.94723775319704,0,455.77206256977786,1,3,0.44219291446018727,0,0
682,89.15656062459935,0,454.1713110229772,1,3,0.13360402220801393,0,0
683,115.43914949702564,0,455.1605045844361,1,3,0.404721930058202,0,0
684,102.06016943262767,0,454.9148131704362,1,3,0.3746392612465784,0,0
685,114.79251033469612,0,455.84769345003457,1,3,0.5862874649169278,0,0
686,91.66631091060424,0,454.5252448331355,1,3,0.3045402485537346,0,0
687,94.88856171171152,0,453.5491410190721,1,3,0.1484114360303158,0,0
688,108.196899816924,0,453.88880892879666,1,3,0.2866627307691554,0,0
689,75.67936577749222,0,450.6450824938733,1,3,-0.3194151023693501,0,0
690,89.45906960692369,0,449.0782881544598,1,3,-0.4688909497781806,0,0
691,110.30572306823916,0,449.61146888746663,1,3,-0.16847661322117571,0,0
692,104.22898954678818,0,449.5765800266796,1,3,-0.04175906273434202,0,0
693,109.708689872956,0,450.0553529615825,1,3,0.16234733679311333,0,0
694,96.4761623364209,0,449.24559120891206,1,3,0.06792551890039616,0,0
695,105.26223549324098,0,449.3095927479747,1,3,0.16714072293284465,0,0
696,92.50774044782914,0,448.0787461553033,1,3,-0.012456740188011045,0,0
697,86.77687146992692,0,446.20678124708587,1,3,-0.2843583737938959,0,0
698,84.02689634970955,0,444.01198061582755,1,3,-0.5664468252867851,0,0
699,94.17561168346896,0,442.9602693421147,1,3,-0.5634997149719987,0,0
700,94.2016196605095,0,441.91132622658506,1,3,-0.5605883950835312,0,0
701,93.44880802124678,0,440.7819468575899,1,3,-0.574346589865852,0,0
702,69.83930436954874,0,436.7331298145263,1,3,-1.1692406805053965,0,0
703,81.5186332620173,3,434.2345195058277,1,3,-1.3351146061440464,0,0
704,96.33721857827386,3,433.4103095219017,1,3,-1.1329336817004372,0,0
705,106.6959170378102,3,433.6099304957575,1,3,-0.7664227505891898,0,0
706,99.84088447204742,3,433.1438425715922,1,3,-0.6063557853044192,0,0
707,98.8309982543392,3,432.57583626648164,1,3,-0.49868588926564483,0,0
708,87.33959314125958,3,430.7686703204189,1,3,-0.6603819006250642,0,0
709,137.07897215437364,3,433.4802892398679,1,3,0.11401826338974397,0,0
710,102.26395183736982,3,433.25459459923195,1,3,0.14607568258460948,0,0
711,137.47811898381428,3,435.99536180738215,1,3,0.7650139876977328,0,0
712,138.2480877161844,3,438.79211881468814,1,3,1.2713625916193871,1,16
713,123.7430804591692,3,440.4776857203233,1,3,1.4542034544225344,1,16
714,115.6971601152328,3,441.4892604278859,1,3,1.4656777050505463,1,16
715,126.2424209116396,3,443.37529198617,1,3,1.6497484756972638,1,16
716,112.91519225267945,3,444.14286851071313,1,3,1.573314085466441,1,16
717,132.16214173513382,3,446.4882987847389,1,3,1.827737323178305,1,16
718,130.89808860599257,3,448.737384717399,1,3,2.012007045074659,1,16
719,140.19540306076033,3,451.67436465367314,1,3,2.2970016233145545,1,16
720,148.46968372152384,3,455.1862120274127,1,3,2.6399707733995523,1,16
721,163.0060880765924,3,459.6344586642625,1,3,3.101625946089605,1,16
722,133.93147667235712,3,462.113208762416,1,3,3.077050776502378,1,16
723,156.8117437500929,3,466.173072838737,1,3,3.3736134364661154,1,16
724,132.51302244430073,3,468.5450833769307,1,3,3.2732928568116226,1,16
725,133.07180661970185,3,470.9592785421397,1,3,3.2014733184911046,1,16
726,138.7586975853178,3,473.79299385287834,1,3,3.2279217169406116,1,16
727,135.70736172407652,3,476.4037979086025,1,3,3.204498184697321,1,16
728,167.35304618094236,3,481.1158822982052,1,3,3.6060154256783976,1,16
729,168.69586619757854,3,485.90808473611906,1,3,3.9432528281255004,1,16
730,177.04662624074214,3,491.18464961238567,1,3,4.3099152377537235,1,16
731,99.25291393525076,0,490.65934940171553,1,3,3.4428721480689504,1,16
732,102.2647413125365,0,490.4337321532396,1,3,2.809174268759968,1,16
733,93.92495847930104,0,489.35530335951984,1,3,2.131653656264026,1,16
734,88.71110581035047,0,487.7043383356902,1,3,1.4751299202452925,1,16
735,104.04106556123118,0,487.6513582389483,1,3,1.2695079168478611,1,16
736,102.20346685037332,0,487.41973248491337,1,3,1.0692811826713031,1,16
737,89.10085748737946,0,485.81271559592744,1,3,0.6340215683398611,0,0
738,105.4864724478484,0,485.898050293842,1,3,0.6242841942548004,0,0
739,83.6344381872569,0,483.6563171313234,1,3,0.15108072290012642,0,0
740,97.74281389238804,0,482.9773182340263,1,3,0.08506479886068041,0,0
741,93.44007927283144,0,481.84700242227245,1,3,-0.05801132326222348,0,0
742,120.05611602664382,2,483.22933209346286,1,3,0.33005687562830444,0,0
743,113.599478212307,2,484.05747830828756,1,3,0.529674743467584,0,0
744,139.17997062801706,2,486.92158341380764,1,3,1.096560815878087,1,17
745,133.91554994149348,2,489.39914130253936,1,3,1.472760230448809,1,17
746,142.4232196457438,2,492.49417338236964,1,3,1.8972146003251011,1,17
747,128.22320926389332,2,494.5362789011198,1,3,2.0261927840101075,1,17
748,111.19358413180174,2,495.14982847451256,1,3,1.8436641418866484,1,17
749,121.86932575440518,2,496.682433363903,1,3,1.8814522913874043,1,17
750,112.38154995957498,2,497.402519154712,1,3,1.749178991271728,1,17
751,132.3332947210588,2,499.7609235841275,1,3,1.9710240789004825,1,17
752,142.64054728355092,2,502.87124137908035,1,3,2.2988828221109565,1,17
753,130.619135142226,2,505.0989405828817,1,3,2.384646098449039,1,17
754,119.06332524249544,2,506.39802526842436,1,3,2.2675338158677607,1,17
755,121.816752327216,2,507.92630453831043,1,3,2.2196829066714185,1,17
756,128.99232745282762,2,510.02836291850684,1,3,2.2961580013764222,1,17
757,109.40785270630288,2,510.4796081910048,1,3,2.0271754556007315,1,17
758,128.27572213346193,2,512.5258185185711,1,3,2.130982429993849,1,17
759,128.90290436929502,2,514.6209247495722,1,3,2.2238071901953043,1,17
760,119.68583895536848,2,515.9722876541944,1,3,2.149318333080691,1,17
761,121.20213388860252,2,517.4498586040778,1,3,2.1149688564412523,1,17
762,128.5221793807578,2,519.515311498045,1,3,2.20506566394643,1,17
763,116.41190904259534,2,520.5886274690768,1,3,2.0787157253634967,1,17
764,116.38666737846115,2,521.6597694858466,1,3,1.9772009836447737,1,17
765,136.53259775626827,2,524.3313506982188,1,3,2.2160770293902665,1,17
766,129.15868754484185,2,526.4463298399901,1,3,2.295857451866462,1,17
767,149.3375540120723,2,530.0166068980764,1,3,2.6507413731104346,1,17
768,114.4580202384328,2,530.9202331303435,1,3,2.401318344941765,1,17
769,105.75303482476312,2,531.0308687692956,1,3,2.0431818037438325,1,17
770,138.71267550963745,2,533.8612585508735,1,3,2.300623399310635,1,17
771,138.9254479898573,2,536.7070139202366,1,3,2.509649793321128,1,17
772,117.2990280417388,2,537.856435675767,1,3,2.337604185762989,1,17
773,109.05373980123422,2,538.2751812164764,1,3,2.0538324567522688,1,17
774,125.65677384496487,2,540.1145980941217,1,3,2.1109493409308673,1,17
775,105.99657979111012,2,540.2482942723044,1,3,1.8154987083812317,1,17
776,121.9914013770204,2,541.7909360677065,1,3,1.8609273257854186,1,17
777,101.51573546180995,2,541.4916239369655,1,3,1.5288794344801335,1,17
778,96.8794159104611,0,540.7236774524838,1,3,1.1695142506877692,1,17
779,80.28597412664865,0,538.0723199451511,1,3,0.5053398990836826,0,0
780,96.87077837861128,0,537.303479619708,1,3,0.3505038541783209,0,0
781,115.3853060805902,0,538.2879962224752,1,3,0.5773064038960947,0,0
782,96.56344633917904,0,537.4873001624891,1,3,0.4017059111196625,0,0
783,107.07569969296672,0,537.7225414942687,1,3,0.46841299525167057,0,0
784,93.0052278042838,0,536.5454626130811,1,3,0.2393146199638154,0,0
785,90.7018350037146,0,535.1169765677273,1,3,0.005754486900295563,0,0
786,85.37632929883053,0,533.0818930887427,1,3,-0.3024131062766691,0,0
787,109.96659501125283,0,533.5842052255224,1,3,-0.04146805766541328,0,0
788,98.5457750932008,0,532.9872253655382,1,3,-0.05257041812917594,0,0
789,116.51655852641856,0,534.0695493139673,1,3,0.2744084551824917,0,0
790,88.10387211752943,0,532.3497267895525,1,3,-0.02443774073696736,0,0
791,96.9069943097023,0,531.5846336776087,1,3,-0.07256881497831952,0,0
792,99.86354472073889,0,531.1208207969912,1,3,-0.05081762810617146,0,0
793,114.0539962817806,0,531.9889974353363,1,3,0.2329812251840656,0,0
794,118.80062195358158,0,533.2659384405828,1,3,0.5417731811965621,0,0
795,92.84286113415114,0,532.0713428859996,1,3,0.29449943404060464,0,0
796,88.45200714129136,0,530.3910550967192,1,3,-0.000458010623586802,0,0
797,83.28379851401617,0,528.1072036528842,1,3,-0.35713669726587766,0,0
798,113.1536794770704,0,528.8959314864754,1,3,-0.027963791094451795,0,0
799,98.16300498856704,0,528.2599369912026,1,3,-0.04956993193012074,0,0
800,92.81615978066012,0,527.0624578701891,1,3,-0.17915176974681188,0,0
801,98.50194000345682,0,526.4610177187185,1,3,-0.1636094460915688,0,0
802,76.703925817516,0,523.3521004259078,1,3,-0.6526710154354006,0,0
803,83.34373875553963,0,521.0754614595377,1,3,-0.8774646056223359,0,0
804,108.67431650399271,0,521.4592670103275,1,3,-0.5252105743399105,0,0
805,102.97772786973007,0,521.3033009605954,1,3,-0.35136166941835745,0,0
806,100.48199748249569,0,520.9013809991525,1,3,-0.2614733278232564,0,0
807,89.57608124133725,0,519.347690649299,1,3,-0.41991673222928866,0,0
808,170.27516671018793,2,524.2333083994097,1,3,0.7411901642386962,0,0
809,191.74679875795965,2,530.3094905452955,1,3,1.9081885605681292,1,18
810,142.11053110058907,2,533.3824887392658,1,3,2.241150487248554,1,18
811,160.80742709011668,2,537.6945963276568,1,3,2.755341907477038,1,18
812,153.74838212905442,2,541.5566817593157,1,3,3.0766906123134063,1,18
813,166.45068206973806,2,546.2145655074298,1,3,3.4929292394735563,1,18
814,160.7871835673932,2,550.5254110065771,1,3,3.756512491408301,1,18
815,158.22249791571284,2,554.6750612063645,1,3,3.9351400330841297,1,18
816,147.0342463246233,2,558.089513470909,1,3,3.9310024793761995,1,18
817,160.30418150280258,2,562.3701988250159,1,3,4.100939054322352,1,18
818,151.01081025967227,2,566.0521762024463,1,3,4.11714671894396,1,18
819,158.22602347841186,2,570.2020497790564,1,3,4.223692090477208,1,18
820,159.53960683333466,2,574.4348064441847,1,3,4.32550500540741,1,18
821,171.38194342194964,2,579.3853748897909,1,3,4.550517693447183,1,18
822,151.49321791613204,2,583.09932620574,1,3,4.483204417947558,1,18
823,155.4565380520684,2,587.072175545546,1,3,4.481133402319247,1,18
824,178.67311000300367,2,592.440416818336,1,3,4.758554976413384,1,18
825,96.83708365075354,0,591.668088886644,1,3,3.752378394792318,1,18
826,96.41648223632598,0,590.8521237790937,1,3,2.9387096943237987,1,18
827,501.549610459713,1,606.5675755204928,1,3,5.594058103738864,1,18
828,101.6965420956044,0,606.2861026675887,1,3,4.518951912410267,1,18
829,99.87406300740491,0,605.8233456264504,1,3,3.622610121700554,1,18
830,101.16706343586034,0,605.4895418927512,1,3,2.931327350620599,1,18
831,87.46288271152522,0,603.6965173194011,1,3,2.086456965826457,1,18
832,103.63901832005403,0,603.6047225868274,1,3,1.7508066261464337,1,18
833,112.98534061213806,0,604.3785251672593,1,3,1.655405817003542,1,18
834,104.90497062487962,0,604.4084436512067,1,3,1.43030835039229,1,18
835,84.77296629183294,0,602.3022612394409,1,3,0.8230101979606711,0,0
836,101.86644083688088,0,602.0375225571858,1,3,0.7054604219174971,0,0
837,90.4827684237816,0,600.5847945486405,1,3,0.3738227358249384,0,0
838,96.8273044485108,0,599.8114541837032,1,3,0.24439011567248203,0,0
839,100.34007113637824,0,599.3953644002343,1,3,0.2122941358442108,0,0
840,87.95273447684409,0,597.6583298037514,1,3,-0.07757161062120663,0,0
841,113.19186239946926,0,598.4504399204882,1,3,0.19636473485038847,0,0
842,98.40155629253502,0,597.8387780816513,1,3,0.13475942011293618,0,0
843,107.2378288384356,0,598.0891872739844,1,3,0.25788937455696376,0,0
844,105.57223755460072,0,598.1826693920816,1,3,0.32500792326501826,0,0
845,113.31897182203411,0,598.9860307788866,1,3,0.5206786159730292,0,0
846,111.61835024647634,0,599.6378033441958,1,3,0.6468974058402572,0,0
847,85.5631976067841,0,597.6246381247913,1,3,0.21488488079129126,0,0
848,99.5514817225101,0,597.129449250529,1,3,0.17287012978056143,0,0
849,80.1175273213237,0,594.4570364239027,1,3,-0.29618646150080763,0,0
850,94.81594733096372,0,593.4732579746059,1,3,-0.3337048590599925,0,0
851,106.47056862930764,0,593.6516832140422,1,3,-0.1312788393607271,0,0
852,108.61464956333818,0,594.0299831117114,1,3,0.07063690804526294,0,0
853,112.76047135958726,0,594.7838136140549,1,3,0.30727562690489924,0,0
854,95.49936957144466,0,593.8720347458608,1,3,0.16346472788509103,0,0
855,102.38296305106871,0,593.6580000224886,1,3,0.18796483763363822,0,0
856,100.13773125224272,0,593.2216740797477,1,3,0.16310668155871222,0,0
857,112.53417344717865,0,593.955365365975,1,3,0.37722360249243214,0,0
858,116.20295643045569,0,595.0106709438343,1,3,0.6128399975658034,0,0
859,95.69241597027454,0,594.1191364966519,1,3,0.41196510861616414,0,0
860,144.66571324583884,0,597.370784649994,1,3,1.0799017175613477,1,19
861,99.14663429954776,0,596.8347439972488,1,3,0.8567132435000423,1,19
862,95.62223367006496,0,595.9358543900042,1,3,0.6055926733511316,0,0
863,105.30257028852532,0,596.0036965974989,1,3,0.5980425801798401,0,0
864,106.98979318652236,0,596.2308917046332,1,3,0.6238730855707273,0,0
865,104.75541333019838,0,596.2465079494515,1,3,0.6022217174202384,0,0
866,92.98111073269747,0,595.0668291705164,1,3,0.3458416181491657,0,0
867,114.91768730932472,0,596.0106353434404,1,3,0.5654345291041347,0,0
868,99.76036755137515,0,595.5364595028093,1,3,0.45751245515707345,0,0
869,115.68447609753338,0,596.5469351015607,1,3,0.6681050838759528,0,0
870,114.03568257205563,0,597.4135018972488,1,3,0.8077974262383669,0,0
871,87.4119904993591,0,595.6146423802498,1,3,0.38646603759090326,0,0
872,90.01834070940929,0,594.1103259847139,1,3,0.10830955096552758,0,0
873,89.83964755106453,0,592.5860895093789,1,3,-0.11819965429458246,0,0
874,101.78332739691582,0,592.313168061744,1,3,-0.04914401296264935,0,0
875,99.82298300923586,0,591.845282501482,1,3,-0.032892322422535696,0,0
876,101.99165372627444,0,591.5928588037078,1,3,0.023201402507135985,0,0
877,91.57249898949932,0,590.2601453194314,1,3,-0.14798157484957017,0,0
878,103.62809890201407,0,590.1672943001281,1,3,-0.03695546374033298,0,0
879,114.24680547104104,0,591.0524039082246,1,3,0.2474575506270455,0,0
880,86.93599228601896,0,589.1988047165255,1,3,-0.07275379783818259,0,0
881,97.4041344040203,0,588.4850089393152,1,3,-0.10096219371261345,0,0
882,101.8232182582271,0,588.216015699183,1,3,-0.03456840299652874,0,0
883,98.05480210704008,0,587.5689648179638,1,3,-0.057064898641065995,0,0
884,97.40090672724476,0,586.8548368384927,1,3,-0.08847751480705768,0,0
885,118.50862112333276,0,588.1071070916682,1,3,0.2796720387894661,0,0
886,112.90951079914178,0,588.8741791863953,1,3,0.47715204997698146,0,0
887,108.12925176642186,0,589.2075772192386,1,3,0.5484012465502559,0,0
888,92.0809718426068,0,587.930375173012,1,3,0.283280587994881,0,0
889,124.23839802814564,0,589.6559897992904,1,3,0.671747395651599,0,0
890,102.9969397320077,0,589.5018938648989,1,3,0.6065787296429801,0,0
891,93.78874623479727,0,588.4089160766019,1,3,0.36666742605499747,0,0
892,96.06690854824473,0,587.5565377821027,1,3,0.22285828194414847,0,0
893,94.62176867393406,0,586.5522076241917,1,3,0.07742059397311775,0,0
894,122.77149757571644,0,588.1587517624997,1,3,0.4832453028400975,0,0
895,101.41958095246588,0,587.8499396057756,1,3,0.4248338109272468,0,0
896,99.99445408257434,0,587.3992596654834,1,3,0.3497310606833673,0,0
897,80.16384023538066,0,584.7326402162253,1,3,-0.15353904130494306,0,0
898,106.95370388264315,0,584.9564531788774,1,3,0.021931359486477744,0,0
899,89.41709271210993,0,583.3849537207471,1,3,-0.19675480403685808,0,0
900,88.78196734452068,0,581.7419933387154,1,3,-0.3859959196358529,0,0
901,105.63626252094018,0,581.841553317164,1,3,-0.18888474001896743,0,0
902,91.17421183228848,0,580.4651419738981,1,3,-0.3263900606683422,0,0
903,108.01541124812286,0,580.7879799773856,1,3,-0.09654444783716468,0,0
904,111.14199273877227,0,581.3968771080227,1,3,0.1445438678577027,0,0
905,83.12983833415578,0,579.0944761577147,1,3,-0.24484509577544986,0,0
906,98.03466043138432,0,578.4453658130822,1,3,-0.22569814554685685,0,0
907,84.93682914854922,0,576.3585425602093,1,3,-0.49792316701205835,0,0
908,98.76272487572456,0,575.7836085242656,1,3,-0.41332534079841277,0,0
909,108.8413403218368,0,576.1828098199551,1,3,-0.15082001350083402,0,0
910,86.73475242411014,0,574.3059778966159,1,3,-0.3960223954684993,0,0
911,118.94558484441583,0,575.5951441036377,1,3,0.04101532502955618,0,0
912,96.3330665705969,0,574.7705020476898,1,3,-0.03211615116594899,0,0
913,88.29963920920885,0,573.0729303104204,1,3,-0.2652072683866359,0,0
914,98.13047073903252,0,572.4336126825561,1,3,-0.24002934028215125,0,0
915,107.52026533088625,0,572.7103903039031,1,3,-0.036667947956347285,0,0
916,86.59551727156818,0,570.8174523947177,1,3,-0.3079219402021525,0,0
917,99.36222107478171,0,570.3031865903403,1,3,-0.24919071303722,0,0
918,86.62247899660426,0,568.4133694917075,1,3,-0.4773159901563383,0,0
919,112.01741480773994,0,569.1009199780455,1,3,-0.1443426948574777,0,0
920,100.88164793067268,0,568.7387935540206,1,3,-0.08789944069096073,0,0
921,95.20539504950509,0,567.7961073742297,1,3,-0.158856788510954,0,0
922,110.13321351310046,0,568.3135975750498,1,3,0.07641260935526839,0,0
923,87.34438822999095,0,566.5069820009525,1,3,-0.20019302733524968,0,0
924,95.50023508735605,0,565.5952939891166,1,3,-0.24249202423537067,0,0
925,119.40158264472431,0,566.9228190851217,1,3,0.17151139981270544,0,0
926,98.09377968578237,0,566.2797524158033,1,3,0.10859578598649378,0,0
927,113.70626752565626,0,567.1173181804968,1,3,0.3543897817279106,0,0
928,101.26338735050086,0,566.7930549449597,1,3,0.318659178274918,0,0
929,92.61132761735958,0,565.5734276996371,1,3,0.11100189355540355,0,0
930,96.89608161731483,0,564.8072056135758,1,3,0.03555709763205501,0,0
931,100.0704329726534,0,564.3641400582516,1,3,0.03983256704079194,0,0
932,95.32580724055282,0,563.4341250609708,1,3,-0.05413694582350521,0,0
933,91.4630336470979,0,562.0894206148307,1,3,-0.21225044588682873,0,0
934,91.8498677083028,0,560.7870263667385,1,3,-0.33027920632791513,0,0
935,85.63741854601736,0,558.7825534309286,1,3,-0.5651179522243052,0,0
936,100.39206714063144,0,558.3716572152763,1,3,-0.4342736049099157,0,0
937,103.26624802644592,0,558.2437395536388,1,3,-0.27300241625542815,0,0
938,106.99094065440556,0,558.4710421781359,1,3,-0.07294140810491243,0,0
939,82.92120621783708,0,556.1434498154306,1,3,-0.42387159902499755,0,0
940,107.5963666732028,0,556.4273204551224,1,3,-0.1823231512816369,0,0
941,99.11632270438103,0,555.8882144531926,1,3,-0.15367972141126698,0,0
942,86.09868411595616,0,553.9375936885968,1,3,-0.4130679300481596,0,0
943,100.2592844669998,0,553.5134292695484,1,3,-0.31528722784821056,0,0
944,107.69007428125398,0,553.806027029068,1,3,-0.09371023037466081,0,0
945,104.59676895505338,0,553.8064496977399,1,3,0.025116349434654767,0,0
946,106.73539828896182,0,554.0097795748799,1,3,0.16075905497570195,0,0
947,109.10370723948324,0,554.4331174106773,1,3,0.3132748111400372,0,0
948,108.56764471524774,0,554.8070778953924,1,3,0.425411945855045,0,0
949,98.93512189464572,0,554.2496278539053,1,3,0.32883954838662643,0,0
950,80.66422649123352,0,551.6453901712991,1,3,-0.15777589781192186,0,0
951,92.04394447668982,0,550.3641561020909,1,3,-0.2824675320911963,0,0
952,102.8808410420486,0,550.1987536042404,1,3,-0.15905452524303426,0,0
953,94.74885849528108,0,549.2078792906672,1,3,-0.22541848290907573,0,0
954,106.32155495294468,0,549.3722640037412,1,3,-0.04745784371245018,0,0
955,107.52073056561724,0,549.6490850024967,1,3,0.1173979247811323,0,0
956,99.77561148826302,0,549.1764409145994,1,3,0.09938952224545229,0,0
957,119.77936612776288,0,550.5356346555316,1,3,0.45135036598279543,0,0
958,90.0972164860821,0,549.0400984757528,1,3,0.16197305683047192,0,0
959,108.97018521988376,0,549.4511601665645,1,3,0.31179078362671175,0,0
960,94.73266803626504,0,548.4585726649851,1,3,0.1509151265855016,0,0
961,91.86750987191564,0,547.1581037875403,1,3,-0.03936167422056375,0,0
962,105.3128147073316,0,547.2269212315869,1,3,0.08227414943286673,0,0
963,93.390692860224,0,546.0913054692599,1,3,-0.061303832919117396,0,0
964,487.4097781536366,1,561.5200701218064,1,3,3.1367098641740205,1,20
965,88.39899754181735,0,559.8337725363647,1,3,2.2721083742508834,1,20
966,99.65851967058084,0,559.3493567304664,1,3,1.820803538221045,1,20
967,91.29687873157916,0,557.9864240287169,1,3,1.2840562902269368,1,20
968,97.0096532711809,0,557.231945294783,1,3,0.976349285394782,1,20
969,95.69358011174334,0,556.3405328050521,1,3,0.70279693036965,0,0
970,88.73758494621659,0,554.6925596583202,1,3,0.3326429149493314,0,0
971,106.02392467728828,0,554.8288417321576,1,3,0.3933707467269507,0,0
972,87.71430743902417,0,553.0645940230415,1,3,0.06184705555835973,0,0
973,90.06525763014642,0,551.565501205553,1,3,-0.15034091905101674,0,0
974,108.55458386650172,0,551.9382555998976,1,3,0.05427814362809841,0,0
975,109.4460413576434,0,552.3929994602548,1,3,0.23437128697391052,0,0
976,106.16325601262714,0,552.5424471886818,1,3,0.3173865752645133,0,0
977,102.75207036329232,0,552.3644890999852,1,3,0.31831764247231586,0,0
978,124.66875327741226,0,554.1247696598363,1,3,0.7067102259480604,0,0
979,88.03722000508618,0,552.3973602069123,1,3,0.3198862901736382,0,0
980,92.22999710444986,0,551.1363695988256,1,3,0.1037109105215692,0,0
981,89.95582659531561,0,549.6250888520988,1,3,-0.11928742092810818,0,0
982,108.64891546799912,0,550.0065509403568,1,3,0.08086248090910277,0,0
983,102.23035274921708,0,549.7775620310524,1,3,0.11889220286642128,0,0
984,110.97684643597866,0,550.3715519548368,1,3,0.3139117470500137,0,0
985,109.45719929404451,0,550.8273177999753,1,3,0.44228256666769017,0,0
986,97.13411049203587,0,550.0856922123471,1,3,0.3055009358085295,0,0
987,91.5479683496992,0,548.7502928596837,1,3,0.07732087811413535,0,0
988,89.98120183700762,0,547.2418396114607,1,3,-0.13983394715327996,0,0
989,123.86799309605428,0,548.9375211258312,1,3,0.3272691451514764,0,0
990,109.41419992055714,0,549.3893479720961,1,3,0.45218068537415135,0,0
991,105.40442470272367,0,549.4668821855662,1,3,0.47725139099335817,0,0
992,96.04819361794895,0,548.612550723758,1,3,0.3109348204330409,0,0
993,97.40799251739128,0,547.8991520208074,1,3,0.20606811575631165,0,0
994,96.0025829655724,0,547.0400588487817,1,3,0.09303585819989658,0,0
995,96.19725069476196,0,546.2012730542207,1,3,0.006671527647711936,0,0
996,78.17473045530956,0,543.2827655241971,1,3,-0.4783642838865408,0,0
997,98.75025896964468,0,542.7065660500585,1,3,-0.39793132193694025,0,0
998,95.63897288187565,0,541.8094312154453,1,3,-0.3977720244721854,0,0
999,102.27060429871084,0,541.5843886961377,1,3,-0.26322612343928464,0,0
